run,sequence,density,survival_mean,survival_std,n_mean,n_seeds
appearance,02,30.968333333333334,0.18055555555555558,0.006014065304058597,96.0,3
appearance,04,45.29238095238095,0.375,0.0,48.0,3
appearance,05,8.264038231780168,0.32727272727272727,0.0,55.0,3
appearance,09,10.142857142857142,0.08333333333333333,0.018042195912175808,32.0,3
appearance,10,19.631498470948014,0.18137254901960786,0.008490445135141541,68.0,3
appearance,11,10.484444444444444,0.2222222222222222,0.0,27.0,3
appearance,13,15.522666666666666,0.3645833333333333,0.018042195912175804,32.0,3
baseline (Parte 1),02,30.968333333333334,0.23711340206185566,,97.0,1
baseline (Parte 1),04,45.29238095238095,0.4791666666666667,,48.0,1
baseline (Parte 1),05,8.264038231780168,0.4,,55.0,1
baseline (Parte 1),09,10.142857142857142,0.09375,,32.0,1
baseline (Parte 1),10,19.631498470948014,0.17647058823529413,,68.0,1
baseline (Parte 1),11,10.484444444444444,0.2222222222222222,,27.0,1
baseline (Parte 1),13,15.522666666666666,0.25,,32.0,1
both,02,30.968333333333334,0.18213058419243988,0.0059520646308208955,97.0,3
both,04,45.29238095238095,0.375,0.0,48.0,3
both,05,8.264038231780168,0.32727272727272727,0.0,55.0,3
both,09,10.142857142857142,0.07291666666666667,0.018042195912175808,32.0,3
both,10,19.631498470948014,0.2058823529411765,3.3993498887762956e-17,68.0,3
both,11,10.484444444444444,0.2222222222222222,0.0,27.0,3
both,13,15.522666666666666,0.3229166666666667,0.018042195912175804,32.0,3
geometry,02,30.968333333333334,0.20962199312714777,0.011904129261641774,97.0,3
geometry,04,45.29238095238095,0.38888888888888884,0.012028130608117193,48.0,3
geometry,05,8.264038231780168,0.34545454545454546,0.0,55.0,3
geometry,09,10.142857142857142,0.17708333333333334,0.018042195912175808,32.0,3
geometry,10,19.631498470948014,0.2450980392156863,0.016980890270283117,68.0,3
geometry,11,10.484444444444444,0.2561728395061728,0.00534583582582986,27.333333333333332,3
geometry,13,15.522666666666666,0.28125,0.0,32.0,3
sem estágio de aparência,02,30.968333333333334,0.1875,,96.0,1
sem estágio de aparência,04,45.29238095238095,0.375,,48.0,1
sem estágio de aparência,05,8.264038231780168,0.32727272727272727,,55.0,1
sem estágio de aparência,09,10.142857142857142,0.0625,,32.0,1
sem estágio de aparência,10,19.631498470948014,0.19117647058823528,,68.0,1
sem estágio de aparência,11,10.484444444444444,0.2222222222222222,,27.0,1
sem estágio de aparência,13,15.522666666666666,0.28125,,32.0,1
