input,sequence,split,camera,occlusion,idf1_mean,idf1_std,id_switches_mean,order
appearance,13,train,moving,3.0,0.4938620491294849,0.00027581407270578083,301.3333333333333,0
both,13,train,moving,3.0,0.49099875553592803,0.0009761059747773242,307.6666666666667,0
geometry,13,train,moving,3.0,0.49110600032340823,0.003174718348033431,301.3333333333333,0
appearance,05,train,moving,5.0,0.6012012338454212,7.064147104831392e-05,133.0,1
both,05,train,moving,5.0,0.6013296796835618,3.0369836924034734e-05,131.33333333333334,1
geometry,05,train,moving,5.0,0.6043033572206934,0.0025243834618769237,129.33333333333334,1
appearance,10,train,moving,7.0,0.5095696465186931,0.0030028252092776926,340.6666666666667,2
both,10,train,moving,7.0,0.5046466421334737,0.0001776816206404514,339.0,2
geometry,10,train,moving,7.0,0.526417148770996,0.0025748760607515,340.0,2
appearance,11,test,moving,9.0,0.6237331679350469,2.1681334535346075e-05,96.0,3
both,11,test,moving,9.0,0.6237629729819676,2.168759356604232e-05,96.0,3
geometry,11,test,moving,9.0,0.6306959839818727,0.004568185986504882,95.33333333333333,3
appearance,09,test,static,11.5,0.5291837665298678,0.0,59.0,4
both,09,test,static,11.5,0.5291837665298678,0.0,59.0,4
geometry,09,test,static,11.5,0.5384995737903749,0.00043413807899701833,55.333333333333336,4
appearance,04,train,static,19.5,0.6824893125291883,0.0,212.0,5
both,04,train,static,19.5,0.6824787944895,9.10888956829306e-06,213.33333333333334,5
geometry,04,train,static,19.5,0.698413570665728,0.003174971997943016,212.33333333333334,5
appearance,02,train,static,29.0,0.4157542770133625,0.00313223464897081,258.0,6
both,02,train,static,29.0,0.4160386639031129,0.005732806148471326,262.0,6
geometry,02,train,static,29.0,0.41913557110752914,0.000715233557703514,260.3333333333333,6
