split,run,bucket,survival_mean,survival_std,n_mean,n_seeds
teste,appearance,1-5,0.7222222222222222,0.0,18.0,3
teste,appearance,21-50,0.0,0.0,11.0,3
teste,appearance,6-20,0.2476190476190476,0.016495721976846442,35.0,3
teste,appearance,>50,0.0,0.0,13.0,3
teste,baseline (Parte 1),1-5,0.8333333333333334,,18.0,1
teste,baseline (Parte 1),21-50,0.0,,11.0,1
teste,baseline (Parte 1),6-20,0.2571428571428571,,35.0,1
teste,baseline (Parte 1),>50,0.0,,13.0,1
teste,both,1-5,0.7222222222222222,0.0,18.0,3
teste,both,21-50,0.0,0.0,11.0,3
teste,both,6-20,0.23809523809523805,0.016495721976846442,35.0,3
teste,both,>50,0.0,0.0,13.0,3
teste,geometry,1-5,0.7222222222222222,0.0,18.0,3
teste,geometry,21-50,0.0,0.0,11.333333333333334,3
teste,geometry,6-20,0.36190476190476195,0.016495721976846456,35.0,3
teste,geometry,>50,0.0,0.0,13.0,3
teste,sem estágio de aparência,1-5,0.7222222222222222,,18.0,1
teste,sem estágio de aparência,21-50,0.0,,11.0,1
teste,sem estágio de aparência,6-20,0.22857142857142856,,35.0,1
teste,sem estágio de aparência,>50,0.0,,13.0,1
todas,appearance,1-5,0.5885416666666666,0.005208333333333315,192.0,3
todas,appearance,21-50,0.1417624521072797,0.0066362099906853616,87.0,3
todas,appearance,6-20,0.33828382838283827,0.0028581696494535953,202.0,3
todas,appearance,>50,0.07729468599033816,0.008367395205646748,69.0,3
todas,baseline (Parte 1),1-5,0.6,,195.0,1
todas,baseline (Parte 1),21-50,0.1724137931034483,,87.0,1
todas,baseline (Parte 1),6-20,0.37438423645320196,,203.0,1
todas,baseline (Parte 1),>50,0.08695652173913043,,69.0,1
todas,both,1-5,0.5763888888888888,0.0030070326520293222,192.0,3
todas,both,21-50,0.14942528735632185,0.0,87.0,3
todas,both,6-20,0.33169129720853857,0.0028440899960080054,203.0,3
todas,both,>50,0.08695652173913043,0.014492753623188408,69.0,3
todas,geometry,1-5,0.6059027777777778,0.0030070326520293222,192.0,3
todas,geometry,21-50,0.16030999651689307,0.01154263746877465,87.33333333333333,3
todas,geometry,6-20,0.37602627257799676,0.007524754835723866,203.0,3
todas,geometry,>50,0.08695652173913043,0.0,69.0,3
todas,sem estágio de aparência,1-5,0.5729166666666666,,192.0,1
todas,sem estágio de aparência,21-50,0.14942528735632185,,87.0,1
todas,sem estágio de aparência,6-20,0.3217821782178218,,202.0,1
todas,sem estágio de aparência,>50,0.08695652173913043,,69.0,1
treino,appearance,1-5,0.5747126436781609,0.005747126436781602,174.0,3
treino,appearance,21-50,0.16228070175438594,0.007596714068284558,76.0,3
treino,appearance,6-20,0.3572854291417166,0.003457187240656437,167.0,3
treino,appearance,>50,0.09523809523809523,0.010309826235529026,56.0,3
treino,baseline (Parte 1),1-5,0.576271186440678,,177.0,1
treino,baseline (Parte 1),21-50,0.19736842105263158,,76.0,1
treino,baseline (Parte 1),6-20,0.39880952380952384,,168.0,1
treino,baseline (Parte 1),>50,0.10714285714285714,,56.0,1
treino,both,1-5,0.5613026819923371,0.003318104995342641,174.0,3
treino,both,21-50,0.17105263157894737,0.0,76.0,3
treino,both,6-20,0.3511904761904761,6.798699777552591e-17,168.0,3
treino,both,>50,0.10714285714285714,0.017857142857142856,56.0,3
treino,geometry,1-5,0.5938697318007663,0.0033181049953427046,174.0,3
treino,geometry,21-50,0.18421052631578946,0.013157894736842105,76.0,3
treino,geometry,6-20,0.37896825396825395,0.006873217490352696,168.0,3
treino,geometry,>50,0.10714285714285714,0.0,56.0,3
treino,sem estágio de aparência,1-5,0.5574712643678161,,174.0,1
treino,sem estágio de aparência,21-50,0.17105263157894737,,76.0,1
treino,sem estágio de aparência,6-20,0.3413173652694611,,167.0,1
treino,sem estágio de aparência,>50,0.10714285714285714,,56.0,1
