iou_threshold,min_hits,max_age,idf1
0.2,1,1,0.5006856114825875
0.2,1,5,0.514012836492415
0.2,1,10,0.5192853816486372
0.2,1,20,0.5214749919593537
0.2,1,30,0.5155311752815803
0.2,2,1,0.5054051301071808
0.2,2,5,0.5164802473427889
0.2,2,10,0.521257034393232
0.2,2,20,0.5230316979686928
0.2,2,30,0.5168860572264385
0.2,3,1,0.5063007646730449
0.2,3,5,0.5165561224590244
0.2,3,10,0.5214586289258286
0.2,3,20,0.5228811568841989
0.2,3,30,0.5168320284833358
0.3,1,1,0.49817421300137255
0.3,1,5,0.5094118116822679
0.3,1,10,0.5153530630843968
0.3,1,20,0.5187282665528082
0.3,1,30,0.5114212490433254
0.3,2,1,0.503760620574399
0.3,2,5,0.512792837765577
0.3,2,10,0.5182952239927499
0.3,2,20,0.5212398871379056
0.3,2,30,0.5136713895354985
0.3,3,1,0.5050939721547649
0.3,3,5,0.5132135499431807
0.3,3,10,0.5187974071273677
0.3,3,20,0.5215079622896583
0.3,3,30,0.5139583467494305
0.4,1,1,0.47829648315191414
0.4,1,5,0.4875659712219842
0.4,1,10,0.4971515604723934
0.4,1,20,0.5018672395019727
0.4,1,30,0.4950963963159234
0.4,2,1,0.4856222371015287
0.4,2,5,0.4929313700554462
0.4,2,10,0.5019728152573213
0.4,2,20,0.5065426085304844
0.4,2,30,0.49935977411634
0.4,3,1,0.4873762877904849
0.4,3,5,0.49398429866003035
0.4,3,10,0.5032317933843029
0.4,3,20,0.5076365757084339
0.4,3,30,0.5003884241467111
0.5,1,1,0.43756962820309003
0.5,1,5,0.44859759993095877
0.5,1,10,0.45680828588255357
0.5,1,20,0.4595851927161581
0.5,1,30,0.45467309363553243
0.5,2,1,0.44772067533354515
0.5,2,5,0.45658896866921045
0.5,2,10,0.4642593923318291
0.5,2,20,0.4664598747847234
0.5,2,30,0.4613150477566606
0.5,3,1,0.4506185881715045
0.5,3,5,0.4590232744174078
0.5,3,10,0.4668706244171271
0.5,3,20,0.46917721190627687
0.5,3,30,0.46393530823973494
