scene,detector,camera,ap,recall,n_gt,n_pred,density,occlusion
02,DPM,static,0.18329810767639712,0.1889564609009203,18581,4070,30.968333333333334,29.0
02,FRCNN,static,0.3500141369194074,0.35111135030407403,18581,6956,30.968333333333334,29.0
02,SDP,static,0.47042086226576585,0.4754857112103762,18581,9651,30.968333333333334,29.0
04,DPM,static,0.3946796597729602,0.4034106440692222,47557,22384,45.29238095238095,19.5
04,FRCNN,static,0.5515042002559181,0.5515276405155918,47557,26326,45.29238095238095,19.5
04,SDP,static,0.7556906771958277,0.7557877914923145,47557,36080,45.29238095238095,19.5
05,DPM,moving,0.34456326764932727,0.35550093971374874,6917,2836,8.264038231780168,5.0
05,FRCNN,moving,0.5325631559771253,0.5337574092814804,6917,3839,8.264038231780168,5.0
05,SDP,moving,0.6461184151996865,0.6473904872054359,6917,4719,8.264038231780168,5.0
09,DPM,static,0.5391943993302678,0.5558685446009389,5325,3470,10.142857142857142,11.5
09,FRCNN,static,0.5666075763470222,0.5667605633802817,5325,3042,10.142857142857142,11.5
09,SDP,static,0.6487018526048702,0.6488262910798122,5325,3496,10.142857142857142,11.5
10,DPM,moving,0.3461818762611873,0.35314276812835893,12839,5203,19.631498470948014,7.0
10,FRCNN,moving,0.598093537187818,0.6033959031077186,12839,9035,19.631498470948014,7.0
10,SDP,moving,0.7333247898023676,0.7386089259288107,12839,10225,19.631498470948014,7.0
11,DPM,moving,0.5194019311414451,0.5253285290377279,9436,5644,10.484444444444444,9.0
11,FRCNN,moving,0.6059149780493269,0.6068249258160238,9436,6007,10.484444444444444,9.0
11,SDP,moving,0.7416020534516539,0.7427935565917761,9436,7295,10.484444444444444,9.0
13,DPM,moving,0.16604834220979248,0.1739391857069232,11642,2287,15.522666666666666,3.0
13,FRCNN,moving,0.5823300876449191,0.5895035217316612,11642,8436,15.522666666666666,3.0
13,SDP,moving,0.5727648070493385,0.5785088472771002,11642,7527,15.522666666666666,3.0
