sequence,split,level,tracker,ap,det_recall,n_dets,idf1,id_switches,id_count_error,mota
02,train,limpo,baseline,0.4750753970545384,0.48043700554329694,11639,0.41464285714285715,334,110,0.4160701792153275
02,train,limpo,temporal,0.4750753970545384,0.48043700554329694,11639,0.4353565791361745,236,98,0.41714654754857117
02,train,leve,baseline,0.40110575831370876,0.43146224638071146,11019,0.35120722855873204,297,127,0.3717776223023519
02,train,leve,temporal,0.40110575831370876,0.43146224638071146,11019,0.3283345892991711,298,107,0.3537484527205209
02,train,media,baseline,0.2869839756003189,0.35692373930358967,10434,0.2757137270238561,370,135,0.29164199989236317
02,train,media,temporal,0.2869839756003189,0.35692373930358967,10434,0.25788827744566295,356,111,0.28362305580969804
02,train,forte,baseline,0.12328655388191859,0.2238846133146763,9268,0.16957605985037408,364,179,0.1378289650718476
02,train,forte,temporal,0.12328655388191859,0.2238846133146763,9268,0.14927853082641016,378,137,0.12265217157311237
04,train,limpo,baseline,0.7569313730071958,0.7570284080156444,37150,0.7088965244771152,237,30,0.7466619004562945
04,train,limpo,temporal,0.7569313730071958,0.7570284080156444,37150,0.6883286424336786,197,33,0.7469142292407006
04,train,leve,baseline,0.648033249659153,0.6819605946548353,35211,0.6273857883882258,388,68,0.6662741552242573
04,train,leve,temporal,0.648033249659153,0.6819605946548353,35211,0.5081544204223765,427,77,0.6616901823075467
04,train,media,baseline,0.4748282547217284,0.5680972306915911,33502,0.3694887242096284,824,298,0.5262947620749837
04,train,media,temporal,0.4748282547217284,0.5680972306915911,33502,0.3796388225507822,885,232,0.5177786656012784
04,train,forte,baseline,0.22503144567488517,0.3666757785394369,29712,0.1665196683718469,1705,772,0.23622179700149293
04,train,forte,temporal,0.22503144567488517,0.3666757785394369,29712,0.15934391373680615,1421,528,0.21471076813087453
05,train,limpo,baseline,0.6461184151996865,0.6473904872054359,4767,0.6115196078431373,155,19,0.577996241145005
05,train,limpo,temporal,0.6461184151996865,0.6473904872054359,4767,0.5903276677764149,123,1,0.5832008095995374
05,train,leve,baseline,0.5486574147897694,0.5790082405667196,4518,0.5086536709783203,205,28,0.49183171895330347
05,train,leve,temporal,0.5486574147897694,0.5790082405667196,4518,0.4829232464193904,152,1,0.4902414341477519
05,train,media,baseline,0.40654553903593116,0.4814225820442388,4217,0.3673234022104757,292,38,0.3591152233627295
05,train,media,temporal,0.40654553903593116,0.4814225820442388,4217,0.36704412338930104,199,4,0.3686569321960388
05,train,forte,baseline,0.1920398602223432,0.3070695388174064,3734,0.19903422212891034,346,45,0.10915136619921928
05,train,forte,temporal,0.1920398602223432,0.3070695388174064,3734,0.18215654077723042,226,17,0.11999421714616165
09,test,limpo,baseline,0.6496410005000436,0.6497652582159624,3607,0.5226806473672213,66,15,0.6229107981220657
09,test,limpo,temporal,0.6496410005000436,0.6497652582159624,3607,0.5158494868871152,53,10,0.6253521126760564
09,test,leve,baseline,0.5665749968071477,0.5928638497652582,3470,0.47828139754485366,72,21,0.5613145539906104
09,test,leve,temporal,0.5665749968071477,0.5928638497652582,3470,0.4028982064378192,70,12,0.5539906103286385
09,test,media,baseline,0.421183885330488,0.49333333333333335,3249,0.3340438871473354,111,27,0.4467605633802817
09,test,media,temporal,0.421183885330488,0.49333333333333335,3249,0.3472134859730784,133,24,0.4396244131455399
09,test,forte,baseline,0.19907249155739906,0.3139906103286385,2866,0.16368923971749066,206,64,0.1941784037558686
09,test,forte,temporal,0.19907249155739906,0.3139906103286385,2866,0.1846066458392502,154,43,0.18009389671361498
10,train,limpo,baseline,0.7334031444167948,0.7386868136147675,10371,0.45530456183528173,445,139,0.6455331412103746
10,train,limpo,temporal,0.7334031444167948,0.7386868136147675,10371,0.5431023102310231,270,90,0.6587740478230392
10,train,leve,baseline,0.6252493533309915,0.6671080302204222,9927,0.3853649567935282,456,156,0.5733312563283746
10,train,leve,temporal,0.6252493533309915,0.6671080302204222,9927,0.41551604710228585,334,101,0.5791728327751382
10,train,media,baseline,0.46056745314526526,0.5547160993846872,9370,0.312142152023692,518,179,0.45104758937611966
10,train,media,temporal,0.46056745314526526,0.5547160993846872,9370,0.31416507489695383,413,125,0.4374172443336708
10,train,forte,baseline,0.20043339369087076,0.34013552457356494,8313,0.1557288405714611,648,261,0.19269413505724742
10,train,forte,temporal,0.20043339369087076,0.34013552457356494,8313,0.16077396657871593,467,186,0.1799984422462808
11,test,limpo,baseline,0.7400257188578643,0.7427935565917761,7509,0.6164037095025894,110,44,0.6894870707927088
11,test,limpo,temporal,0.7400257188578643,0.7427935565917761,7509,0.6392721576188468,81,32,0.6920305214073761
11,test,leve,baseline,0.6320700905642271,0.6686095803306485,7137,0.5734767025089605,122,56,0.6118058499364137
11,test,leve,temporal,0.6320700905642271,0.6686095803306485,7137,0.5629854139041485,110,36,0.6052352691818568
11,test,media,baseline,0.4676101452541549,0.5557439593047901,6735,0.35813485407581347,189,105,0.4688427299703264
11,test,media,temporal,0.4676101452541549,0.5557439593047901,6735,0.4051607673601729,148,55,0.4692666384061043
11,test,forte,baseline,0.21792220672635332,0.35025434506146674,5924,0.19637235796732125,321,160,0.18641373463331923
11,test,forte,temporal,0.21792220672635332,0.35025434506146674,5924,0.17869575307495938,236,95,0.17221280203476053
13,train,limpo,baseline,0.5540276661727102,0.5789383267479814,7744,0.4210805928916751,440,191,0.4527572582030579
13,train,limpo,temporal,0.5540276661727102,0.5789383267479814,7744,0.5439090474419593,240,113,0.4711389795567772
13,train,leve,baseline,0.46983458506718256,0.5197560556605394,7367,0.36468628539700165,494,215,0.38962377598350795
13,train,leve,temporal,0.46983458506718256,0.5197560556605394,7367,0.4549599644128114,308,130,0.40508503693523445
13,train,media,baseline,0.3457298621641233,0.432829410754166,7018,0.2718250430855173,537,239,0.3009792131936093
13,train,media,temporal,0.3457298621641233,0.432829410754166,7018,0.31414111342661505,366,140,0.31412128500257686
13,train,forte,baseline,0.1473681256637,0.2657618965813434,6272,0.14482476476203462,544,252,0.11733379144476896
13,train,forte,temporal,0.1473681256637,0.2657618965813434,6272,0.16601815823605706,399,154,0.1290156330527401
