sweep,value,seed,idf1,id_switches,id_count_error,id_ratio
n_objects,5,42,0.9887640449438202,0,0,1.0
n_objects,5,123,0.9887640449438202,0,0,1.0
n_objects,5,7,0.9887640449438202,0,0,1.0
n_objects,10,42,0.9887640449438202,0,0,1.0
n_objects,10,123,0.9887640449438202,0,0,1.0
n_objects,10,7,0.9887640449438202,0,0,1.0
n_objects,15,42,0.9887640449438202,0,0,1.0
n_objects,15,123,0.9887640449438202,0,0,1.0
n_objects,15,7,0.9887471867966992,0,0,1.0
n_objects,20,42,0.9887387387387387,0,0,1.0
n_objects,20,123,0.9887133182844243,0,0,1.0
n_objects,20,7,0.9887514060742407,0,0,1.0
n_objects,30,42,0.9887302779864763,0,0,1.0
n_objects,30,123,0.9887302779864763,0,0,1.0
n_objects,30,7,0.9887556221889056,0,0,1.0
n_objects,40,42,0.9887133182844243,0,0,1.0
n_objects,40,123,0.9837375178316691,1,1,1.025
n_objects,40,7,0.9885844748858448,0,0,1.0
speed,0.5,42,0.9887640449438202,0,0,1.0
speed,0.5,123,0.9887640449438202,0,0,1.0
speed,0.5,7,0.9887640449438202,0,0,1.0
speed,1,42,0.9887640449438202,0,0,1.0
speed,1,123,0.9887640449438202,0,0,1.0
speed,1,7,0.9887640449438202,0,0,1.0
speed,2,42,0.9887640449438202,0,0,1.0
speed,2,123,0.9887640449438202,0,0,1.0
speed,2,7,0.9887640449438202,0,0,1.0
speed,4,42,0.8629213483146068,4,0,1.0
speed,4,123,0.7769423558897243,1,0,1.0
speed,4,7,0.8805970149253731,2,0,1.0
speed,8,42,0.18006430868167203,28,16,4.2
speed,8,123,0.336231884057971,16,9,2.8
speed,8,7,0.8253164556962025,4,3,1.6
speed,12,42,0.04979253112033195,10,7,2.4
speed,12,123,0.06274509803921569,22,12,3.4
speed,12,7,0.19931271477663232,23,13,3.6
speed,16,42,0.04081632653061224,15,9,2.8
speed,16,123,0.06130268199233716,30,14,3.8
speed,16,7,0.13240418118466898,30,15,4.0
speed,24,42,0.05668016194331984,17,7,2.4
speed,24,123,0.06844106463878327,34,14,3.8
speed,24,7,0.06896551724137931,26,14,3.8
occlusion,0,42,0.9937106918238994,0,0,1.0
occlusion,0,123,0.9937106918238994,0,0,1.0
occlusion,0,7,0.9937106918238994,0,0,1.0
occlusion,8,42,0.8391304347826087,1,1,1.3333333333333333
occlusion,8,123,0.8391304347826087,1,1,1.3333333333333333
occlusion,8,7,0.8391304347826087,1,1,1.3333333333333333
occlusion,16,42,0.8513513513513513,1,1,1.3333333333333333
occlusion,16,123,0.8513513513513513,1,1,1.3333333333333333
occlusion,16,7,0.8513513513513513,1,1,1.3333333333333333
occlusion,24,42,0.8644859813084113,1,1,1.3333333333333333
occlusion,24,123,0.8644859813084113,1,1,1.3333333333333333
occlusion,24,7,0.8644859813084113,1,1,1.3333333333333333
occlusion,32,42,0.8786407766990292,1,1,1.3333333333333333
occlusion,32,123,0.8786407766990292,1,1,1.3333333333333333
occlusion,32,7,0.8786407766990292,1,1,1.3333333333333333
occlusion,48,42,0.9105263157894737,1,1,1.3333333333333333
occlusion,48,123,0.9105263157894737,1,1,1.3333333333333333
occlusion,48,7,0.9153439153439153,1,1,1.3333333333333333
occlusion,60,42,0.9382022471910112,1,1,1.3333333333333333
occlusion,60,123,0.9382022471910112,1,1,1.3333333333333333
occlusion,60,7,0.9382022471910112,1,1,1.3333333333333333
