sequence,n_frames,n_objects,speed,occlusion_frames,noise,contrast,seed,n_boxes,n_holes,longest_hole
seq_000,32,8,2.0,10,0.05511027518016419,0.9151587519468295,1662057958,246,1,10
seq_001,32,8,2.0,10,0.027534187831011962,0.9853734109820536,1497586439,246,1,10
seq_002,52,8,2.0,10,0.0828851444221563,0.47686817960532757,1634535063,406,1,10
seq_003,56,8,2.0,10,0.0496638419386065,0.9560589933091611,967196436,438,1,10
seq_004,54,8,2.0,10,0.0858209290616664,0.6660485192963987,1382689816,421,2,10
seq_005,43,8,2.0,10,0.06436678296126679,0.43829035366250524,487991439,334,1,10
seq_006,56,8,2.0,10,0.07053315192976518,0.8548526440512243,1777324408,438,1,10
seq_007,51,8,2.0,10,0.09765584195159227,0.9358726727933186,761338719,398,1,10
seq_008,51,8,2.0,10,0.035571096628157405,0.6800326022362205,1671565831,398,1,10
seq_009,45,8,2.0,10,0.03234315936540383,0.8098293719454728,94067870,350,1,10
seq_010,58,8,2.0,10,0.09740077859473681,0.5954952148828911,1599364551,454,1,10
seq_011,58,8,2.0,10,0.05756446490206464,0.5136828154505715,795556160,452,2,10
seq_012,44,8,2.0,10,0.0580563940980747,0.5361456094305305,279004308,336,3,10
seq_013,47,8,2.0,10,0.05497215350978646,0.8996069176347025,1438414600,366,1,10
seq_014,49,8,2.0,10,0.04498933131056329,0.8993558808371207,1503807855,382,1,10
seq_015,43,8,2.0,10,0.050998270322413955,0.5729968623581465,1728218298,334,1,10
