sweep,value,seed,idf1,idp,idr,idtp,idfp,idfn,id_switches,fragmentations,n_gt_ids,n_pred_ids,id_count_error,id_ratio,id_switches_per_gt,mota,tp,fp,fn
easy,0,42,0.9887640449438202,1.0,0.9777777777777777,220,0,5,0,0,5,5,0,1.0,0.0,0.9777777777777777,220,0,5
easy,0,123,0.9887640449438202,1.0,0.9777777777777777,220,0,5,0,0,5,5,0,1.0,0.0,0.9777777777777777,220,0,5
easy,0,7,0.9887640449438202,1.0,0.9777777777777777,220,0,5,0,0,5,5,0,1.0,0.0,0.9777777777777777,220,0,5
n_objects,5,42,0.9887640449438202,1.0,0.9777777777777777,220,0,5,0,0,5,5,0,1.0,0.0,0.9777777777777777,220,0,5
n_objects,5,123,0.9887640449438202,1.0,0.9777777777777777,220,0,5,0,0,5,5,0,1.0,0.0,0.9777777777777777,220,0,5
n_objects,5,7,0.9887640449438202,1.0,0.9777777777777777,220,0,5,0,0,5,5,0,1.0,0.0,0.9777777777777777,220,0,5
n_objects,8,42,0.9887640449438202,1.0,0.9777777777777777,352,0,8,0,0,8,8,0,1.0,0.0,0.9777777777777777,352,0,8
n_objects,8,123,0.9887640449438202,1.0,0.9777777777777777,352,0,8,0,0,8,8,0,1.0,0.0,0.9777777777777777,352,0,8
n_objects,8,7,0.9887640449438202,1.0,0.9777777777777777,352,0,8,0,0,8,8,0,1.0,0.0,0.9777777777777777,352,0,8
n_objects,12,42,0.9887640449438202,1.0,0.9777777777777777,528,0,12,0,0,12,12,0,1.0,0.0,0.9777777777777777,528,0,12
n_objects,12,123,0.9887640449438202,1.0,0.9777777777777777,528,0,12,0,0,12,12,0,1.0,0.0,0.9777777777777777,528,0,12
n_objects,12,7,0.9887640449438202,1.0,0.9777777777777777,528,0,12,0,0,12,12,0,1.0,0.0,0.9777777777777777,528,0,12
n_objects,15,42,0.9887640449438202,1.0,0.9777777777777777,660,0,15,0,0,15,15,0,1.0,0.0,0.9777777777777777,660,0,15
n_objects,15,123,0.9887640449438202,1.0,0.9777777777777777,660,0,15,0,0,15,15,0,1.0,0.0,0.9777777777777777,660,0,15
n_objects,15,7,0.9887471867966992,1.0,0.9777448071216617,659,0,15,0,0,15,15,0,1.0,0.0,0.9777448071216617,659,0,15
speed,0.5,42,0.9887640449438202,1.0,0.9777777777777777,220,0,5,0,0,5,5,0,1.0,0.0,0.9777777777777777,220,0,5
speed,0.5,123,0.9887640449438202,1.0,0.9777777777777777,220,0,5,0,0,5,5,0,1.0,0.0,0.9777777777777777,220,0,5
speed,0.5,7,0.9887640449438202,1.0,0.9777777777777777,220,0,5,0,0,5,5,0,1.0,0.0,0.9777777777777777,220,0,5
speed,1.0,42,0.9887640449438202,1.0,0.9777777777777777,220,0,5,0,0,5,5,0,1.0,0.0,0.9777777777777777,220,0,5
speed,1.0,123,0.9887640449438202,1.0,0.9777777777777777,220,0,5,0,0,5,5,0,1.0,0.0,0.9777777777777777,220,0,5
speed,1.0,7,0.9887640449438202,1.0,0.9777777777777777,220,0,5,0,0,5,5,0,1.0,0.0,0.9777777777777777,220,0,5
speed,2.0,42,0.9887640449438202,1.0,0.9777777777777777,220,0,5,0,0,5,5,0,1.0,0.0,0.9777777777777777,220,0,5
speed,2.0,123,0.9887640449438202,1.0,0.9777777777777777,220,0,5,0,0,5,5,0,1.0,0.0,0.9777777777777777,220,0,5
speed,2.0,7,0.9887640449438202,1.0,0.9777777777777777,220,0,5,0,0,5,5,0,1.0,0.0,0.9777777777777777,220,0,5
speed,4.0,42,0.8629213483146068,0.8727272727272727,0.8533333333333334,192,28,33,4,0,5,5,0,1.0,0.8,0.96,220,0,5
speed,4.0,123,0.7769423558897243,0.8908045977011494,0.6888888888888889,155,19,70,1,1,5,5,0,1.0,0.2,0.768888888888889,174,0,51
speed,4.0,7,0.8805970149253731,1.0,0.7866666666666666,177,0,48,2,0,5,5,0,1.0,0.4,0.7777777777777778,177,0,48
speed,8.0,42,0.18006430868167203,0.32558139534883723,0.12444444444444444,28,58,197,28,19,5,21,16,4.2,5.6,0.2577777777777778,86,0,139
speed,8.0,123,0.336231884057971,0.48333333333333334,0.2577777777777778,58,62,167,16,14,5,14,9,2.8,3.2,0.4622222222222222,120,0,105
speed,8.0,7,0.8253164556962025,0.9588235294117647,0.7244444444444444,163,7,62,4,4,5,8,3,1.6,0.8,0.7377777777777778,170,0,55
occlusion,0,42,0.9887640449438202,1.0,0.9777777777777777,132,0,3,0,0,3,3,0,1.0,0.0,0.9777777777777777,132,0,3
occlusion,0,123,0.9887640449438202,1.0,0.9777777777777777,132,0,3,0,0,3,3,0,1.0,0.0,0.9777777777777777,132,0,3
occlusion,0,7,0.9887640449438202,1.0,0.9777777777777777,132,0,3,0,0,3,3,0,1.0,0.0,0.9777777777777777,132,0,3
occlusion,4,42,0.8372093023255814,0.8503937007874016,0.8244274809160306,108,19,23,1,1,3,4,1,1.3333333333333333,0.3333333333333333,0.9618320610687023,127,0,4
occlusion,4,123,0.8372093023255814,0.8503937007874016,0.8244274809160306,108,19,23,1,1,3,4,1,1.3333333333333333,0.3333333333333333,0.9618320610687023,127,0,4
occlusion,4,7,0.8372093023255814,0.8503937007874016,0.8244274809160306,108,19,23,1,1,3,4,1,1.3333333333333333,0.3333333333333333,0.9618320610687023,127,0,4
occlusion,8,42,0.848,0.8617886178861789,0.8346456692913385,106,17,21,1,1,3,4,1,1.3333333333333333,0.3333333333333333,0.9606299212598425,123,0,4
occlusion,8,123,0.848,0.8617886178861789,0.8346456692913385,106,17,21,1,1,3,4,1,1.3333333333333333,0.3333333333333333,0.9606299212598425,123,0,4
occlusion,8,7,0.848,0.8617886178861789,0.8346456692913385,106,17,21,1,1,3,4,1,1.3333333333333333,0.3333333333333333,0.9606299212598425,123,0,4
occlusion,12,42,0.859504132231405,0.8739495798319328,0.8455284552845529,104,15,19,1,1,3,4,1,1.3333333333333333,0.3333333333333333,0.959349593495935,119,0,4
occlusion,12,123,0.859504132231405,0.8739495798319328,0.8455284552845529,104,15,19,1,1,3,4,1,1.3333333333333333,0.3333333333333333,0.959349593495935,119,0,4
occlusion,12,7,0.859504132231405,0.8739495798319328,0.8455284552845529,104,15,19,1,1,3,4,1,1.3333333333333333,0.3333333333333333,0.959349593495935,119,0,4
occlusion,16,42,0.8717948717948718,0.8869565217391304,0.8571428571428571,102,13,17,1,1,3,4,1,1.3333333333333333,0.3333333333333333,0.957983193277311,115,0,4
occlusion,16,123,0.8717948717948718,0.8869565217391304,0.8571428571428571,102,13,17,1,1,3,4,1,1.3333333333333333,0.3333333333333333,0.957983193277311,115,0,4
occlusion,16,7,0.8717948717948718,0.8869565217391304,0.8571428571428571,102,13,17,1,1,3,4,1,1.3333333333333333,0.3333333333333333,0.957983193277311,115,0,4
