appearance_threshold,gate_growth,gate_iou,idf1_train,idsw_train,02,04,05,10,13
off,,,0.5393337339997891,1253,0.4194,0.6825,0.6013,0.5037,0.4898
0.2,0.1,0.01,0.5393285357094317,1253,0.4194,0.6825,0.6013,0.5037,0.4897
0.2,0.1,0.1,0.5393337339997891,1253,0.4194,0.6825,0.6013,0.5037,0.4898
0.2,0.3,0.01,0.5393285357094317,1253,0.4194,0.6825,0.6013,0.5037,0.4897
0.2,0.3,0.1,0.5393337339997891,1253,0.4194,0.6825,0.6013,0.5037,0.4898
0.2,0.6,0.01,0.5393181407837843,1254,0.4194,0.6825,0.6013,0.5037,0.4897
0.2,0.6,0.1,0.5393337339997891,1253,0.4194,0.6825,0.6013,0.5037,0.4898
0.3,0.1,0.01,0.5393985382587866,1252,0.4194,0.6825,0.6013,0.5037,0.4902
0.3,0.1,0.1,0.5393113096573405,1252,0.4194,0.6825,0.6013,0.5037,0.4897
0.3,0.3,0.01,0.5393777498858873,1252,0.4194,0.6825,0.6013,0.5037,0.4901
0.3,0.3,0.1,0.5394581660749329,1253,0.4194,0.6825,0.6013,0.5036,0.4905
0.3,0.6,0.01,0.5393613954543045,1252,0.4194,0.6825,0.6013,0.5037,0.49
0.3,0.6,0.1,0.5394681990057595,1253,0.4194,0.6825,0.6013,0.5037,0.4905
0.4,0.1,0.01,0.5406156707564056,1246,0.4194,0.6825,0.6028,0.5083,0.4901
0.4,0.1,0.1,0.5395640271944948,1252,0.4194,0.6825,0.6013,0.5052,0.4894
0.4,0.3,0.01,0.54060126495517,1245,0.4194,0.6825,0.6028,0.5082,0.4902
0.4,0.3,0.1,0.5397206675241628,1252,0.4194,0.6825,0.6012,0.5052,0.4903
0.4,0.6,0.01,0.5412083567635391,1245,0.4194,0.6825,0.6077,0.5082,0.4883
0.4,0.6,0.1,0.5397467234382747,1252,0.4194,0.6825,0.6013,0.5049,0.4907
0.5,0.1,0.01,0.5323758287613412,1237,0.4192,0.6825,0.555,0.511,0.4943
0.5,0.1,0.1,0.5404091851670662,1246,0.4193,0.6825,0.6003,0.5074,0.4926
0.5,0.3,0.01,0.535742549009033,1238,0.4192,0.6825,0.5615,0.5193,0.4963
0.5,0.3,0.1,0.5403617698326796,1241,0.4194,0.6825,0.6003,0.5062,0.4935
0.5,0.6,0.01,0.5365672360922176,1237,0.4193,0.6825,0.5661,0.5187,0.4962
0.5,0.6,0.1,0.5417108810546833,1244,0.4194,0.6825,0.6012,0.5113,0.4942
