index,image_path,n_true,median_diameter_px,n_pred_before,n_pred_after,rescued_markers,map_before,map_after,delta
0,data/raw/003cee89357d9fe13516167fd67b609a164651b21934585648c740d2c3d86dc1/images/003cee89357d9fe13516167fd67b609a164651b21934585648c740d2c3d86dc1.png,36,13.086257184954441,35,41,6,0.8310870348104391,0.754495106977072,-0.0765919278333671
1,data/raw/05040e2e959c3f5632558fc9683fec88f0010026c555b499066346f67fdd0e13/images/05040e2e959c3f5632558fc9683fec88f0010026c555b499066346f67fdd0e13.png,24,14.837540967457748,24,25,1,0.8257582417582418,0.8546371657016817,0.028878923943439938
2,data/raw/072ff14c1d3245bf49ad6f1d4c71cdb18f1cb78a8e06fd2f53767e28f727cb81/images/072ff14c1d3245bf49ad6f1d4c71cdb18f1cb78a8e06fd2f53767e28f727cb81.png,7,14.361922094451577,6,9,3,0.755,0.533986013986014,-0.22101398601398603
3,data/raw/0a7d30b252359a10fd298b638b90cb9ada3acced4e0c0e5a3692013f432ee4e9/images/0a7d30b252359a10fd298b638b90cb9ada3acced4e0c0e5a3692013f432ee4e9.png,27,20.310825007719227,27,34,7,0.4382162323594711,0.3630867472942773,-0.07512948506519379
4,data/raw/10328b822b836e67b547b4144e0b7eb43747c114ce4cacd8b540648892945b00/images/10328b822b836e67b547b4144e0b7eb43747c114ce4cacd8b540648892945b00.png,23,15.635280380893438,20,23,3,0.626983994266603,0.5607232757412545,-0.06626071852534854
5,data/raw/13f2bec0a24c70345372febb14c4352877b1b6c1b01896246048e83c345c0914/images/13f2bec0a24c70345372febb14c4352877b1b6c1b01896246048e83c345c0914.png,17,53.66626361310184,9,13,4,0.12499604743083004,0.12911877394636015,0.004122726515530112
6,data/raw/1400420310c9094361a8a243545187f1d4c2365e081b3bb08c5fa29c7491a55b/images/1400420310c9094361a8a243545187f1d4c2365e081b3bb08c5fa29c7491a55b.png,25,16.88803298257901,26,40,14,0.24046962504760966,0.2123173172410257,-0.028152307806583954
7,data/raw/14cc1424c59808274e123db51292e9dbb5b037ef3e7c767a8c45c9ac733b91bf/images/14cc1424c59808274e123db51292e9dbb5b037ef3e7c767a8c45c9ac733b91bf.png,21,36.73736405104852,19,19,0,0.7583286278938453,0.7583286278938453,0.0
8,data/raw/193ffaa5272d5c421ae02130a64d98ad120ec70e4ed97a72cdcd4801ce93b066/images/193ffaa5272d5c421ae02130a64d98ad120ec70e4ed97a72cdcd4801ce93b066.png,157,10.403141895720198,125,132,7,0.4371958632711931,0.45046996157830066,0.013274098307107574
9,data/raw/1c2f9e121fc207efff79d46390df1a740566b683ff56a96d8cabe830a398dd2e/images/1c2f9e121fc207efff79d46390df1a740566b683ff56a96d8cabe830a398dd2e.png,12,15.77424204037429,13,15,2,0.5846235233223724,0.5154795947086969,-0.06914392861367558
10,data/raw/1e61ecf354cb93a62a9561db87a53985fb54e001444f98112ed0fc623fad793e/images/1e61ecf354cb93a62a9561db87a53985fb54e001444f98112ed0fc623fad793e.png,6,14.537884785275018,6,7,1,0.7896103896103897,0.6791666666666666,-0.11044372294372307
11,data/raw/20468e8779c43e089dc0ff30f25e6cf3872d5aa6a0fdad6f8aca382da43e8582/images/20468e8779c43e089dc0ff30f25e6cf3872d5aa6a0fdad6f8aca382da43e8582.png,20,8.214358738784245,16,22,6,0.466755505364201,0.3575703989497093,-0.1091851064144917
12,data/raw/20c37b1ad2f510ed7396969e855fe93d0d05611738f6e706e8ca1d1aed3ded45/images/20c37b1ad2f510ed7396969e855fe93d0d05611738f6e706e8ca1d1aed3ded45.png,24,18.31225777843666,23,36,13,0.3468742071994718,0.2482970639136241,-0.09857714328584771
13,data/raw/21408476af0506331e8b5d49b385833e5ef1fbb90815fbf9af9d19b4bb145f76/images/21408476af0506331e8b5d49b385833e5ef1fbb90815fbf9af9d19b4bb145f76.png,8,12.889628173948672,6,10,4,0.5182983682983683,0.44376696832579193,-0.07453139997257635
14,data/raw/2227fd9b01d67c2bcdb407d3205214e6dfeff9fd0725828e3b3651959942ff4a/images/2227fd9b01d67c2bcdb407d3205214e6dfeff9fd0725828e3b3651959942ff4a.png,60,9.406859377320751,48,59,11,0.3311307855577006,0.2957520405537267,-0.035378745003973866
15,data/raw/2255d5aba044256bb92f6b7cbed0fca46d972c7b6b1a59dcbe7f682c5777d074/images/2255d5aba044256bb92f6b7cbed0fca46d972c7b6b1a59dcbe7f682c5777d074.png,15,26.414679072721462,9,13,4,0.07837380011293055,0.06616524216524217,-0.012208557947688381
16,data/raw/2cfa857e63be1b418c91ad5ea1f8d136fd1b80fc856e1d4277274c3dea28011c/images/2cfa857e63be1b418c91ad5ea1f8d136fd1b80fc856e1d4277274c3dea28011c.png,11,13.061933202803933,8,11,3,0.5778902470078939,0.5494392372333549,-0.02845100977453907
17,data/raw/2dec81a678ddcac2b110acffe82427d857695180bd841e3f9736a554acf832af/images/2dec81a678ddcac2b110acffe82427d857695180bd841e3f9736a554acf832af.png,25,20.98906578384008,22,26,4,0.7280868945868946,0.7316421692003088,0.0035552746134142055
18,data/raw/34c9f4eb2af8b8f46b1d88b74bde16f4614cd08948c2f1d817eb629afc512e7a/images/34c9f4eb2af8b8f46b1d88b74bde16f4614cd08948c2f1d817eb629afc512e7a.png,13,14.450303987687134,12,15,3,0.8301282051282051,0.7472946859903382,-0.08283351913786685
19,data/raw/351771edfc5db5665ded8aa4940257276b6526663c76e3b60b92a52584d8943c/images/351771edfc5db5665ded8aa4940257276b6526663c76e3b60b92a52584d8943c.png,106,11.506722766818191,91,96,5,0.4594278729929838,0.45824422579195057,-0.0011836472010332555
20,data/raw/3874755f6222e83006fdad4d664ec0d9697c13af4fbe24b2f9a059bb13075186/images/3874755f6222e83006fdad4d664ec0d9697c13af4fbe24b2f9a059bb13075186.png,15,11.227230955528665,11,14,3,0.3874000107219921,0.3311224652540442,-0.05627754546794789
21,data/raw/3ebd2ab34ba86e515feb79ffdeb7fc303a074a98ba39949b905dbde3ff4b7ec0/images/3ebd2ab34ba86e515feb79ffdeb7fc303a074a98ba39949b905dbde3ff4b7ec0.png,138,12.02131387165904,123,132,9,0.7081264049700466,0.7130648318610553,0.0049384268910086515
22,data/raw/4b274461c6d001a7a9aeaf5952b40ac4934d1be96b9c176edfd628a8f77e6df2/images/4b274461c6d001a7a9aeaf5952b40ac4934d1be96b9c176edfd628a8f77e6df2.png,16,13.819074904162797,12,16,4,0.5395823247959471,0.547775981227887,0.00819365643193981
23,data/raw/4e23ecf65040f86420e0201134e538951acdeda84fbb274311f995682044dd64/images/4e23ecf65040f86420e0201134e538951acdeda84fbb274311f995682044dd64.png,27,16.925687506432688,26,28,2,0.37239545638379873,0.38328742014994055,0.010891963766141821
24,data/raw/4ee5850b63549794eb3ecd3d5f5673164ac16936e36ecc3700da886e3b616149/images/4ee5850b63549794eb3ecd3d5f5673164ac16936e36ecc3700da886e3b616149.png,48,19.396903406840252,36,42,6,0.46081871345029235,0.41908034943468725,-0.0417383640156051
25,data/raw/54793624413c7d0e048173f7aeee85de3277f7e8d47c82e0a854fe43e879cd12/images/54793624413c7d0e048173f7aeee85de3277f7e8d47c82e0a854fe43e879cd12.png,71,5.170882945826411,0,35,35,0.0,0.04875352472543498,0.04875352472543498
26,data/raw/5488e8df5440ee5161fdfae3aeccd2ee396636430065c90e3f1f73870a975991/images/5488e8df5440ee5161fdfae3aeccd2ee396636430065c90e3f1f73870a975991.png,36,26.629841136700172,25,27,2,0.42284392711871294,0.4309056697334449,0.00806174261473197
27,data/raw/56d0da5b663ddd49955478c00ca03118c367ff7dd6a646b8c875b0acb207d1c5/images/56d0da5b663ddd49955478c00ca03118c367ff7dd6a646b8c875b0acb207d1c5.png,24,33.623401257687775,22,24,2,0.6758768476329451,0.6284149896258958,-0.047461858007049273
28,data/raw/57bd029b19c1b382bef9db3ac14f13ea85e36a6053b92e46caedee95c05847ab/images/57bd029b19c1b382bef9db3ac14f13ea85e36a6053b92e46caedee95c05847ab.png,9,34.8521236896311,17,38,21,0.040999999999999995,0.022028985507246378,-0.018971014492753617
29,data/raw/5b12df18e4ae4df5af06052584cf0e6bef58ee2a220653890636eef88a944e14/images/5b12df18e4ae4df5af06052584cf0e6bef58ee2a220653890636eef88a944e14.png,15,13.351162356249091,11,14,3,0.5786078431372549,0.5309759693351025,-0.04763187380215239
30,data/raw/61a15ccbfebb9d2fc54c068472a75d7babfb3f48fea008470e7db807585f9510/images/61a15ccbfebb9d2fc54c068472a75d7babfb3f48fea008470e7db807585f9510.png,42,14.205771684239696,33,36,3,0.528632076081581,0.5136189021062971,-0.0150131739752839
31,data/raw/68f833de9f8c631cedd7031b8ed9b908c42cbbc1e14254722728a8b7d596fd4c/images/68f833de9f8c631cedd7031b8ed9b908c42cbbc1e14254722728a8b7d596fd4c.png,32,8.883710390750366,21,26,5,0.2816660902778663,0.2879192830765359,0.006253192798669593
32,data/raw/693bc64581275f04fc456da74f031d583733360a1f6032fa38b3fbf592ff4352/images/693bc64581275f04fc456da74f031d583733360a1f6032fa38b3fbf592ff4352.png,57,19.511499785403828,38,47,9,0.1775897243689179,0.1634920578433134,-0.014097666525604513
33,data/raw/708eb41a3fc8f2b6cd1f529cdf38dc4ad5d5f00ad30bdcba92884f37ff78d614/images/708eb41a3fc8f2b6cd1f529cdf38dc4ad5d5f00ad30bdcba92884f37ff78d614.png,97,14.228319915326999,47,50,3,0.16274609961294717,0.16551714850731475,0.002771048894367578
34,data/raw/7798ca1ddb3133563e290c36228bc8f8f3c9f224e096f442ef0653856662d121/images/7798ca1ddb3133563e290c36228bc8f8f3c9f224e096f442ef0653856662d121.png,33,22.623931952327283,11,12,1,0.06926829268292682,0.06759581881533101,-0.0016724738675958084
35,data/raw/831218e6a1a54b23d4be56c5799854e7eb978811b89215319dc138900bd563e6/images/831218e6a1a54b23d4be56c5799854e7eb978811b89215319dc138900bd563e6.png,20,33.03118129741859,16,18,2,0.5435652173913044,0.5583298295906992,0.014764612199394844
36,data/raw/87ea72894f6534b28e740cc34cf5c9eb75d0d8902687fce5fcc08a92e9f41386/images/87ea72894f6534b28e740cc34cf5c9eb75d0d8902687fce5fcc08a92e9f41386.png,14,30.559824457615075,20,28,8,0.05384286412512218,0.04295497185741089,-0.010887892267711294
37,data/raw/88d5a03f8ecd459f076a06e0d5035149193bfdd727c30905de19054dcb9018ae/images/88d5a03f8ecd459f076a06e0d5035149193bfdd727c30905de19054dcb9018ae.png,38,10.644435711327302,27,31,4,0.3333280063216493,0.3062366399732427,-0.027091366348406587
38,data/raw/8bef203fce625e4d8c89dca728158be4662dfdfdcd4dc73a6aa39a908c1631bc/images/8bef203fce625e4d8c89dca728158be4662dfdfdcd4dc73a6aa39a908c1631bc.png,20,11.589910166886291,17,19,2,0.5954648268398268,0.5459685086155674,-0.04949631822425937
39,data/raw/8c3ef7aa7ed29b62a65b1c394d2b4a24aa3da25aebfdf3d29dbfc8ad1b08e95a/images/8c3ef7aa7ed29b62a65b1c394d2b4a24aa3da25aebfdf3d29dbfc8ad1b08e95a.png,39,20.185060176161283,35,37,2,0.6782057679911838,0.6817916832932511,0.0035859153020673107
40,data/raw/8d9b4205ddb10fa49a2973b4f3a2dc6923407ae015081e1a52c4b4c2fe8faa53/images/8d9b4205ddb10fa49a2973b4f3a2dc6923407ae015081e1a52c4b4c2fe8faa53.png,33,12.047792665040703,31,34,3,0.8070995670995671,0.8122604619163045,0.005160894816737427
41,data/raw/8f6e49e474ebb649a1e99662243d51a46cc9ba0c9c8f1efe2e2b662a81b48de1/images/8f6e49e474ebb649a1e99662243d51a46cc9ba0c9c8f1efe2e2b662a81b48de1.png,74,12.100518486599809,59,66,7,0.3161827770051632,0.32012463486847165,0.003941857863308473
42,data/raw/930f246a8e4ff273a72a6e4b3cf8e8caff94fca4eaf1dbe6f93ba37b8195c0a0/images/930f246a8e4ff273a72a6e4b3cf8e8caff94fca4eaf1dbe6f93ba37b8195c0a0.png,41,10.280023453913834,41,54,13,0.6236303904671253,0.48563565587276714,-0.13799473459435818
43,data/raw/97126a9791f0c1176e4563ad679a301dac27c59011f579e808bbd6e9f4cd1034/images/97126a9791f0c1176e4563ad679a301dac27c59011f579e808bbd6e9f4cd1034.png,20,37.58967328687275,18,20,2,0.7897835497835498,0.7716356107660456,-0.018147939017504222
44,data/raw/98c5ead89cd066637efd5c93a6edc55c85908eb66807471f0d246d5457341f9c/images/98c5ead89cd066637efd5c93a6edc55c85908eb66807471f0d246d5457341f9c.png,28,23.219260725956744,30,37,7,0.22384538452649907,0.18946634492354936,-0.03437903960294972
45,data/raw/9a71a416f98971aa14f63ef91242654cc9191a1414ce8bbd38066fe94559aa4f/images/9a71a416f98971aa14f63ef91242654cc9191a1414ce8bbd38066fe94559aa4f.png,10,12.487594113465816,10,10,0,0.8606643356643356,0.8606643356643356,0.0
46,data/raw/9bf9f3dcadeb152a9a26b23e2fb199dcf9b2b17660b1646326f5b10cbf51eaee/images/9bf9f3dcadeb152a9a26b23e2fb199dcf9b2b17660b1646326f5b10cbf51eaee.png,59,9.507891862878783,51,67,16,0.3381116775954795,0.29372683896346075,-0.04438483863201875
47,data/raw/a08166d91d2cca263d2dd52764dc25c9c582b7a5ece2b802749fa4be33187c49/images/a08166d91d2cca263d2dd52764dc25c9c582b7a5ece2b802749fa4be33187c49.png,22,12.65162326513934,13,17,4,0.2809369948696324,0.2740129550795788,-0.006924039790053627
48,data/raw/a1f50f101bc471e2d6967ebdb8ba81150588609e769f3b960f0801e4da5fdc6f/images/a1f50f101bc471e2d6967ebdb8ba81150588609e769f3b960f0801e4da5fdc6f.png,7,15.26443044094783,7,7,0,0.8022727272727274,0.8022727272727274,0.0
49,data/raw/b2c5d8653c621207e97b699e5c4c05d13df4f02d9db3e594b1f0c22e5b746aae/images/b2c5d8653c621207e97b699e5c4c05d13df4f02d9db3e594b1f0c22e5b746aae.png,24,13.750474046971021,21,25,4,0.6454268580881485,0.5601227205254661,-0.0853041375626824
50,data/raw/c322c72b9d411e631580fee9312885088b4bb14ed297aa4b246ec943533b3ffb/images/c322c72b9d411e631580fee9312885088b4bb14ed297aa4b246ec943533b3ffb.png,11,13.911592676604096,11,12,1,0.7522619047619047,0.6910300483829895,-0.06123185637891515
51,data/raw/cbca32daaae36a872a11da4eaff65d1068ff3f154eedc9d3fc0c214a4e5d32bd/images/cbca32daaae36a872a11da4eaff65d1068ff3f154eedc9d3fc0c214a4e5d32bd.png,112,14.048207338801282,86,112,26,0.1438832611045114,0.13480831981325497,-0.009074941291256439
52,data/raw/cf26c41245febfe67c2a1682cc4ee8752ee40ae3e49610314f45923b8bf5b08a/images/cf26c41245febfe67c2a1682cc4ee8752ee40ae3e49610314f45923b8bf5b08a.png,40,12.691106072191651,37,39,2,0.49047087725810024,0.4696779181454936,-0.020792959112606646
53,data/raw/d2815f2f616d92be35c7e8dcfe592deec88516aef9ffc9b21257f52b7d6d0354/images/d2815f2f616d92be35c7e8dcfe592deec88516aef9ffc9b21257f52b7d6d0354.png,14,16.564235263197766,19,25,6,0.5377678571428571,0.4463617376775272,-0.09140611946532995
54,data/raw/d7ec8003735996458b56ccb8ae34d080eb2a6adabef931323239632515b4b220/images/d7ec8003735996458b56ccb8ae34d080eb2a6adabef931323239632515b4b220.png,7,11.396070970426017,6,6,0,0.45932539682539675,0.45932539682539675,0.0
55,data/raw/e414b54f2036bcab61b9c0a966f65adf4b169097c13c740e03d6292ac076258c/images/e414b54f2036bcab61b9c0a966f65adf4b169097c13c740e03d6292ac076258c.png,63,19.738573927438622,47,58,11,0.2708394996910132,0.24013188441943717,-0.030707615271576005
56,data/raw/e7a3a7c99483c243742b6cfa74e81cd48f126dcef004016ad0151df6c16a6243/images/e7a3a7c99483c243742b6cfa74e81cd48f126dcef004016ad0151df6c16a6243.png,150,11.699252574394533,129,142,13,0.6239061458783681,0.6335216126648845,0.009615466786516369
57,data/raw/eb1df8ed879d04b36980b0958a0e8fc446ad08c0bdcf3b5f42e3db023187c7e5/images/eb1df8ed879d04b36980b0958a0e8fc446ad08c0bdcf3b5f42e3db023187c7e5.png,59,19.899183360445615,45,51,6,0.23124493397325616,0.21676794567858843,-0.01447698829466773
58,data/raw/ecb36c90cdd20245d89173c106f3c6a2d124d07bdea0ae202fb1efa49b0cd169/images/ecb36c90cdd20245d89173c106f3c6a2d124d07bdea0ae202fb1efa49b0cd169.png,120,12.514330345744634,109,117,8,0.7369423877632706,0.7347944430053089,-0.0021479447579616506
59,data/raw/ed4b8e0d756836be7acb2e2b7799c473b52424e3092a71d3c6d23558e500dc4c/images/ed4b8e0d756836be7acb2e2b7799c473b52424e3092a71d3c6d23558e500dc4c.png,76,10.585134856802455,72,81,9,0.5982287311712563,0.5628562657736672,-0.03537246539758909
60,data/raw/edd36ed822e7ed760ff73e0524df22aa5bf5c565efcdc6c39603239c0896e7a8/images/edd36ed822e7ed760ff73e0524df22aa5bf5c565efcdc6c39603239c0896e7a8.png,49,21.76338922689847,45,48,3,0.2052747898143982,0.19890341669741862,-0.006371373116979578
61,data/raw/ee927e8255096971ddae1bd975cf80c4ad7c847c82d0b5f5dd2ddfe5407007ee/images/ee927e8255096971ddae1bd975cf80c4ad7c847c82d0b5f5dd2ddfe5407007ee.png,65,9.0270333367641,50,56,6,0.43349369565471,0.4175766690721784,-0.015917026582531635
62,data/raw/f534b43bf37ff946a310a0f08315d76c3fb3394681cf523acef7c0682240072a/images/f534b43bf37ff946a310a0f08315d76c3fb3394681cf523acef7c0682240072a.png,18,14.339586874147667,16,18,2,0.6219973009446693,0.5670807453416148,-0.05491655560305453
63,data/raw/f6cb37ebf29c225284c8415962f7287abe7007fae8fe3d8a3899b608b832d7d5/images/f6cb37ebf29c225284c8415962f7287abe7007fae8fe3d8a3899b608b832d7d5.png,17,40.87163175960233,16,17,1,0.7136842105263158,0.6773758062868771,-0.03630840423943871
64,data/raw/f93ec5e683d81005ffc2a84a1c0299b2406ad14b764b824e013f7ca3a13833b5/images/f93ec5e683d81005ffc2a84a1c0299b2406ad14b764b824e013f7ca3a13833b5.png,32,13.704097684218578,30,31,1,0.7247187421723653,0.7038999494146553,-0.020818792757710036
65,data/raw/fc9269fb2e651cd4a32b65ae164f79b0a2ea823e0a83508c85d7985a6bed43cf/images/fc9269fb2e651cd4a32b65ae164f79b0a2ea823e0a83508c85d7985a6bed43cf.png,5,13.446189622059965,5,6,1,0.8206349206349206,0.6879761904761905,-0.1326587301587301
