index,image_path,map_50_95,n_true,n_pred,count_error,median_diameter_px,contact_fraction,mean_intensity,contrast_std,gt_merged,gt_split
25,data/raw/54793624413c7d0e048173f7aeee85de3277f7e8d47c82e0a854fe43e879cd12/images/54793624413c7d0e048173f7aeee85de3277f7e8d47c82e0a854fe43e879cd12.png,0.0,71,0,71,5.170882945826411,0.04412923561859732,0.8239889740943909,0.12763634324073792,0,0
28,data/raw/57bd029b19c1b382bef9db3ac14f13ea85e36a6053b92e46caedee95c05847ab/images/57bd029b19c1b382bef9db3ac14f13ea85e36a6053b92e46caedee95c05847ab.png,0.040999999999999995,9,17,8,34.8521236896311,0.00346797225622195,0.6571412682533264,0.1680905669927597,4,0
36,data/raw/87ea72894f6534b28e740cc34cf5c9eb75d0d8902687fce5fcc08a92e9f41386/images/87ea72894f6534b28e740cc34cf5c9eb75d0d8902687fce5fcc08a92e9f41386.png,0.05384286412512218,14,20,6,30.559824457615075,0.004950925041257708,0.6429676413536072,0.1826520562171936,9,0
34,data/raw/7798ca1ddb3133563e290c36228bc8f8f3c9f224e096f442ef0653856662d121/images/7798ca1ddb3133563e290c36228bc8f8f3c9f224e096f442ef0653856662d121.png,0.06926829268292682,33,11,22,22.623931952327283,0.005991533702377076,0.6078227162361145,0.1853177547454834,26,0
15,data/raw/2255d5aba044256bb92f6b7cbed0fca46d972c7b6b1a59dcbe7f682c5777d074/images/2255d5aba044256bb92f6b7cbed0fca46d972c7b6b1a59dcbe7f682c5777d074.png,0.07837380011293055,15,9,6,26.414679072721462,0.00838718548054448,0.6736200451850891,0.1228441521525383,10,0
5,data/raw/13f2bec0a24c70345372febb14c4352877b1b6c1b01896246048e83c345c0914/images/13f2bec0a24c70345372febb14c4352877b1b6c1b01896246048e83c345c0914.png,0.12499604743083004,17,9,8,53.66626361310184,0.012326576925060602,0.5295244455337524,0.22235603630542755,12,0
51,data/raw/cbca32daaae36a872a11da4eaff65d1068ff3f154eedc9d3fc0c214a4e5d32bd/images/cbca32daaae36a872a11da4eaff65d1068ff3f154eedc9d3fc0c214a4e5d32bd.png,0.1438832611045114,112,86,26,14.048207338801282,0.02386417981826877,0.6545379161834717,0.15167509019374847,32,7
33,data/raw/708eb41a3fc8f2b6cd1f529cdf38dc4ad5d5f00ad30bdcba92884f37ff78d614/images/708eb41a3fc8f2b6cd1f529cdf38dc4ad5d5f00ad30bdcba92884f37ff78d614.png,0.16274609961294717,97,47,50,14.228319915326999,0.053418279833374174,0.6406212449073792,0.1747926026582718,63,1
32,data/raw/693bc64581275f04fc456da74f031d583733360a1f6032fa38b3fbf592ff4352/images/693bc64581275f04fc456da74f031d583733360a1f6032fa38b3fbf592ff4352.png,0.1775897243689179,57,38,19,19.511499785403828,0.054159657025017634,0.045490462332963943,0.061133723706007004,10,0
60,data/raw/edd36ed822e7ed760ff73e0524df22aa5bf5c565efcdc6c39603239c0896e7a8/images/edd36ed822e7ed760ff73e0524df22aa5bf5c565efcdc6c39603239c0896e7a8.png,0.2052747898143982,49,45,4,21.76338922689847,0.007616914029683562,0.051615942269563675,0.07140788435935974,4,2
44,data/raw/98c5ead89cd066637efd5c93a6edc55c85908eb66807471f0d246d5457341f9c/images/98c5ead89cd066637efd5c93a6edc55c85908eb66807471f0d246d5457341f9c.png,0.22384538452649907,28,30,2,23.219260725956744,0.0041277965821844296,0.04040605202317238,0.06730169802904129,0,1
57,data/raw/eb1df8ed879d04b36980b0958a0e8fc446ad08c0bdcf3b5f42e3db023187c7e5/images/eb1df8ed879d04b36980b0958a0e8fc446ad08c0bdcf3b5f42e3db023187c7e5.png,0.23124493397325616,59,45,14,19.899183360445615,0.015395157606212883,0.7187371253967285,0.18434348702430725,23,0
6,data/raw/1400420310c9094361a8a243545187f1d4c2365e081b3bb08c5fa29c7491a55b/images/1400420310c9094361a8a243545187f1d4c2365e081b3bb08c5fa29c7491a55b.png,0.24046962504760966,25,26,1,16.88803298257901,0.01654809774203526,0.020028090104460716,0.03548835963010788,6,2
55,data/raw/e414b54f2036bcab61b9c0a966f65adf4b169097c13c740e03d6292ac076258c/images/e414b54f2036bcab61b9c0a966f65adf4b169097c13c740e03d6292ac076258c.png,0.2708394996910132,63,47,16,19.738573927438622,0.013577870098287568,0.7083691954612732,0.16730386018753052,19,1
47,data/raw/a08166d91d2cca263d2dd52764dc25c9c582b7a5ece2b802749fa4be33187c49/images/a08166d91d2cca263d2dd52764dc25c9c582b7a5ece2b802749fa4be33187c49.png,0.2809369948696324,22,13,9,12.65162326513934,0.01364810033198082,0.7002098560333252,0.09351437538862228,2,1
31,data/raw/68f833de9f8c631cedd7031b8ed9b908c42cbbc1e14254722728a8b7d596fd4c/images/68f833de9f8c631cedd7031b8ed9b908c42cbbc1e14254722728a8b7d596fd4c.png,0.2816660902778663,32,21,11,8.883710390750366,0.03731695795937648,0.12357807159423828,0.09628703445196152,4,1
41,data/raw/8f6e49e474ebb649a1e99662243d51a46cc9ba0c9c8f1efe2e2b662a81b48de1/images/8f6e49e474ebb649a1e99662243d51a46cc9ba0c9c8f1efe2e2b662a81b48de1.png,0.3161827770051632,74,59,15,12.100518486599809,0.015785034341486925,0.05116984620690346,0.07228849828243256,23,0
14,data/raw/2227fd9b01d67c2bcdb407d3205214e6dfeff9fd0725828e3b3651959942ff4a/images/2227fd9b01d67c2bcdb407d3205214e6dfeff9fd0725828e3b3651959942ff4a.png,0.3311307855577006,60,48,12,9.406859377320751,0.026709834075273168,0.09857944399118423,0.11941029876470566,12,1
37,data/raw/88d5a03f8ecd459f076a06e0d5035149193bfdd727c30905de19054dcb9018ae/images/88d5a03f8ecd459f076a06e0d5035149193bfdd727c30905de19054dcb9018ae.png,0.3333280063216493,38,27,11,10.644435711327302,0.05096977898060442,0.07924901694059372,0.09811516851186752,19,1
46,data/raw/9bf9f3dcadeb152a9a26b23e2fb199dcf9b2b17660b1646326f5b10cbf51eaee/images/9bf9f3dcadeb152a9a26b23e2fb199dcf9b2b17660b1646326f5b10cbf51eaee.png,0.3381116775954795,59,51,8,9.507891862878783,0.03322784810126582,0.09843366593122482,0.11678087711334229,15,0
12,data/raw/20c37b1ad2f510ed7396969e855fe93d0d05611738f6e706e8ca1d1aed3ded45/images/20c37b1ad2f510ed7396969e855fe93d0d05611738f6e706e8ca1d1aed3ded45.png,0.3468742071994718,24,23,1,18.31225777843666,0.020773410035155003,0.013727225363254547,0.03758411481976509,7,1
23,data/raw/4e23ecf65040f86420e0201134e538951acdeda84fbb274311f995682044dd64/images/4e23ecf65040f86420e0201134e538951acdeda84fbb274311f995682044dd64.png,0.37239545638379873,27,26,1,16.925687506432688,0.0038119440914866584,0.6853379607200623,0.10595162212848663,2,1
20,data/raw/3874755f6222e83006fdad4d664ec0d9697c13af4fbe24b2f9a059bb13075186/images/3874755f6222e83006fdad4d664ec0d9697c13af4fbe24b2f9a059bb13075186.png,0.3874000107219921,15,11,4,11.227230955528665,0.028978388998035363,0.06145791336894035,0.059990063309669495,6,0
26,data/raw/5488e8df5440ee5161fdfae3aeccd2ee396636430065c90e3f1f73870a975991/images/5488e8df5440ee5161fdfae3aeccd2ee396636430065c90e3f1f73870a975991.png,0.42284392711871294,36,25,11,26.629841136700172,0.019709222678863405,0.05821659788489342,0.04361061379313469,17,0
61,data/raw/ee927e8255096971ddae1bd975cf80c4ad7c847c82d0b5f5dd2ddfe5407007ee/images/ee927e8255096971ddae1bd975cf80c4ad7c847c82d0b5f5dd2ddfe5407007ee.png,0.43349369565471,65,50,15,9.0270333367641,0.019799618320610685,0.082820825278759,0.09985311329364777,11,0
8,data/raw/193ffaa5272d5c421ae02130a64d98ad120ec70e4ed97a72cdcd4801ce93b066/images/193ffaa5272d5c421ae02130a64d98ad120ec70e4ed97a72cdcd4801ce93b066.png,0.4371958632711931,157,125,32,10.403141895720198,0.019944598337950138,0.10356399416923523,0.10089728236198425,43,1
3,data/raw/0a7d30b252359a10fd298b638b90cb9ada3acced4e0c0e5a3692013f432ee4e9/images/0a7d30b252359a10fd298b638b90cb9ada3acced4e0c0e5a3692013f432ee4e9.png,0.4382162323594711,27,27,0,20.310825007719227,0.009060773480662983,0.03365173935890198,0.053940050303936005,2,1
54,data/raw/d7ec8003735996458b56ccb8ae34d080eb2a6adabef931323239632515b4b220/images/d7ec8003735996458b56ccb8ae34d080eb2a6adabef931323239632515b4b220.png,0.45932539682539675,7,6,1,11.396070970426017,0.012403100775193798,0.05863450467586517,0.06416650861501694,2,0
19,data/raw/351771edfc5db5665ded8aa4940257276b6526663c76e3b60b92a52584d8943c/images/351771edfc5db5665ded8aa4940257276b6526663c76e3b60b92a52584d8943c.png,0.4594278729929838,106,91,15,11.506722766818191,0.010836049687252224,0.08764780312776566,0.059348467737436295,14,1
24,data/raw/4ee5850b63549794eb3ecd3d5f5673164ac16936e36ecc3700da886e3b616149/images/4ee5850b63549794eb3ecd3d5f5673164ac16936e36ecc3700da886e3b616149.png,0.46081871345029235,48,36,12,19.396903406840252,0.010646019840309702,0.11603274941444397,0.12408080697059631,11,1
11,data/raw/20468e8779c43e089dc0ff30f25e6cf3872d5aa6a0fdad6f8aca382da43e8582/images/20468e8779c43e089dc0ff30f25e6cf3872d5aa6a0fdad6f8aca382da43e8582.png,0.466755505364201,20,16,4,8.214358738784245,0.027600849256900213,0.0611727237701416,0.073512502014637,5,0
52,data/raw/cf26c41245febfe67c2a1682cc4ee8752ee40ae3e49610314f45923b8bf5b08a/images/cf26c41245febfe67c2a1682cc4ee8752ee40ae3e49610314f45923b8bf5b08a.png,0.49047087725810024,40,37,3,12.691106072191651,0.0050990390272602475,0.03709537908434868,0.06213751435279846,6,0
13,data/raw/21408476af0506331e8b5d49b385833e5ef1fbb90815fbf9af9d19b4bb145f76/images/21408476af0506331e8b5d49b385833e5ef1fbb90815fbf9af9d19b4bb145f76.png,0.5182983682983683,8,6,2,12.889628173948672,0.0,0.015724988654255867,0.02470446191728115,0,0
30,data/raw/61a15ccbfebb9d2fc54c068472a75d7babfb3f48fea008470e7db807585f9510/images/61a15ccbfebb9d2fc54c068472a75d7babfb3f48fea008470e7db807585f9510.png,0.528632076081581,42,33,9,14.205771684239696,0.0126659545246452,0.06972764432430267,0.052059758454561234,8,0
53,data/raw/d2815f2f616d92be35c7e8dcfe592deec88516aef9ffc9b21257f52b7d6d0354/images/d2815f2f616d92be35c7e8dcfe592deec88516aef9ffc9b21257f52b7d6d0354.png,0.5377678571428571,14,19,5,16.564235263197766,0.0,0.07204942405223846,0.059846729040145874,0,0
22,data/raw/4b274461c6d001a7a9aeaf5952b40ac4934d1be96b9c176edfd628a8f77e6df2/images/4b274461c6d001a7a9aeaf5952b40ac4934d1be96b9c176edfd628a8f77e6df2.png,0.5395823247959471,16,12,4,13.819074904162797,0.006149479659413435,0.018709788098931313,0.02865288220345974,2,0
35,data/raw/831218e6a1a54b23d4be56c5799854e7eb978811b89215319dc138900bd563e6/images/831218e6a1a54b23d4be56c5799854e7eb978811b89215319dc138900bd563e6.png,0.5435652173913044,20,16,4,33.03118129741859,0.009093926319283107,0.03400609642267227,0.03243877366185188,4,0
16,data/raw/2cfa857e63be1b418c91ad5ea1f8d136fd1b80fc856e1d4277274c3dea28011c/images/2cfa857e63be1b418c91ad5ea1f8d136fd1b80fc856e1d4277274c3dea28011c.png,0.5778902470078939,11,8,3,13.061933202803933,0.0,0.017904184758663177,0.025636931881308556,0,0
29,data/raw/5b12df18e4ae4df5af06052584cf0e6bef58ee2a220653890636eef88a944e14/images/5b12df18e4ae4df5af06052584cf0e6bef58ee2a220653890636eef88a944e14.png,0.5786078431372549,15,11,4,13.351162356249091,0.021331058020477817,0.023316508159041405,0.029873916879296303,3,0
9,data/raw/1c2f9e121fc207efff79d46390df1a740566b683ff56a96d8cabe830a398dd2e/images/1c2f9e121fc207efff79d46390df1a740566b683ff56a96d8cabe830a398dd2e.png,0.5846235233223724,12,13,1,15.77424204037429,0.014014839241549877,0.05774860084056854,0.042120568454265594,2,0
38,data/raw/8bef203fce625e4d8c89dca728158be4662dfdfdcd4dc73a6aa39a908c1631bc/images/8bef203fce625e4d8c89dca728158be4662dfdfdcd4dc73a6aa39a908c1631bc.png,0.5954648268398268,20,17,3,11.589910166886291,0.0,0.024193497374653816,0.037099599838256836,0,0
59,data/raw/ed4b8e0d756836be7acb2e2b7799c473b52424e3092a71d3c6d23558e500dc4c/images/ed4b8e0d756836be7acb2e2b7799c473b52424e3092a71d3c6d23558e500dc4c.png,0.5982287311712563,76,72,4,10.585134856802455,0.0172,0.0968124270439148,0.10731246322393417,10,1
62,data/raw/f534b43bf37ff946a310a0f08315d76c3fb3394681cf523acef7c0682240072a/images/f534b43bf37ff946a310a0f08315d76c3fb3394681cf523acef7c0682240072a.png,0.6219973009446693,18,16,2,14.339586874147667,0.012061109622085233,0.055051494389772415,0.02966257557272911,4,0
42,data/raw/930f246a8e4ff273a72a6e4b3cf8e8caff94fca4eaf1dbe6f93ba37b8195c0a0/images/930f246a8e4ff273a72a6e4b3cf8e8caff94fca4eaf1dbe6f93ba37b8195c0a0.png,0.6236303904671253,41,41,0,10.280023453913834,0.00904014889657006,0.08858027309179306,0.10753260552883148,0,0
56,data/raw/e7a3a7c99483c243742b6cfa74e81cd48f126dcef004016ad0151df6c16a6243/images/e7a3a7c99483c243742b6cfa74e81cd48f126dcef004016ad0151df6c16a6243.png,0.6239061458783681,150,129,21,11.699252574394533,0.024147357458995055,0.03532307222485542,0.04929480329155922,20,0
4,data/raw/10328b822b836e67b547b4144e0b7eb43747c114ce4cacd8b540648892945b00/images/10328b822b836e67b547b4144e0b7eb43747c114ce4cacd8b540648892945b00.png,0.626983994266603,23,20,3,15.635280380893438,0.006292474200855777,0.07117842882871628,0.0583699494600296,4,0
49,data/raw/b2c5d8653c621207e97b699e5c4c05d13df4f02d9db3e594b1f0c22e5b746aae/images/b2c5d8653c621207e97b699e5c4c05d13df4f02d9db3e594b1f0c22e5b746aae.png,0.6454268580881485,24,21,3,13.750474046971021,0.009009009009009009,0.025919118896126747,0.03876849636435509,6,0
27,data/raw/56d0da5b663ddd49955478c00ca03118c367ff7dd6a646b8c875b0acb207d1c5/images/56d0da5b663ddd49955478c00ca03118c367ff7dd6a646b8c875b0acb207d1c5.png,0.6758768476329451,24,22,2,33.623401257687775,0.003424124513618677,0.0516764372587204,0.04250209406018257,2,0
39,data/raw/8c3ef7aa7ed29b62a65b1c394d2b4a24aa3da25aebfdf3d29dbfc8ad1b08e95a/images/8c3ef7aa7ed29b62a65b1c394d2b4a24aa3da25aebfdf3d29dbfc8ad1b08e95a.png,0.6782057679911838,39,35,4,20.185060176161283,0.011555251219720963,0.11279364675283432,0.1261724829673767,4,0
21,data/raw/3ebd2ab34ba86e515feb79ffdeb7fc303a074a98ba39949b905dbde3ff4b7ec0/images/3ebd2ab34ba86e515feb79ffdeb7fc303a074a98ba39949b905dbde3ff4b7ec0.png,0.7081264049700466,138,123,15,12.02131387165904,0.016771761034908666,0.053022440522909164,0.07009890675544739,14,0
63,data/raw/f6cb37ebf29c225284c8415962f7287abe7007fae8fe3d8a3899b608b832d7d5/images/f6cb37ebf29c225284c8415962f7287abe7007fae8fe3d8a3899b608b832d7d5.png,0.7136842105263158,17,16,1,40.87163175960233,0.00817258883248731,0.031032666563987732,0.025490546599030495,2,0
64,data/raw/f93ec5e683d81005ffc2a84a1c0299b2406ad14b764b824e013f7ca3a13833b5/images/f93ec5e683d81005ffc2a84a1c0299b2406ad14b764b824e013f7ca3a13833b5.png,0.7247187421723653,32,30,2,13.704097684218578,0.0037190986654998905,0.03265034034848213,0.05302666127681732,3,0
17,data/raw/2dec81a678ddcac2b110acffe82427d857695180bd841e3f9736a554acf832af/images/2dec81a678ddcac2b110acffe82427d857695180bd841e3f9736a554acf832af.png,0.7280868945868946,25,22,3,20.98906578384008,0.004010159069643096,0.10651420801877975,0.11852899938821793,2,0
58,data/raw/ecb36c90cdd20245d89173c106f3c6a2d124d07bdea0ae202fb1efa49b0cd169/images/ecb36c90cdd20245d89173c106f3c6a2d124d07bdea0ae202fb1efa49b0cd169.png,0.7369423877632706,120,109,11,12.514330345744634,0.010645604395604396,0.033936385065317154,0.044592417776584625,6,1
50,data/raw/c322c72b9d411e631580fee9312885088b4bb14ed297aa4b246ec943533b3ffb/images/c322c72b9d411e631580fee9312885088b4bb14ed297aa4b246ec943533b3ffb.png,0.7522619047619047,11,11,0,13.911592676604096,0.0,0.017437685281038284,0.028199629858136177,0,0
2,data/raw/072ff14c1d3245bf49ad6f1d4c71cdb18f1cb78a8e06fd2f53767e28f727cb81/images/072ff14c1d3245bf49ad6f1d4c71cdb18f1cb78a8e06fd2f53767e28f727cb81.png,0.755,7,6,1,14.361922094451577,0.0,0.019095206633210182,0.02028840407729149,0,0
7,data/raw/14cc1424c59808274e123db51292e9dbb5b037ef3e7c767a8c45c9ac733b91bf/images/14cc1424c59808274e123db51292e9dbb5b037ef3e7c767a8c45c9ac733b91bf.png,0.7583286278938453,21,19,2,36.73736405104852,0.007496568472178228,0.03578563407063484,0.02611810527741909,4,0
10,data/raw/1e61ecf354cb93a62a9561db87a53985fb54e001444f98112ed0fc623fad793e/images/1e61ecf354cb93a62a9561db87a53985fb54e001444f98112ed0fc623fad793e.png,0.7896103896103897,6,6,0,14.537884785275018,0.0,0.061224788427352905,0.049424514174461365,0,0
43,data/raw/97126a9791f0c1176e4563ad679a301dac27c59011f579e808bbd6e9f4cd1034/images/97126a9791f0c1176e4563ad679a301dac27c59011f579e808bbd6e9f4cd1034.png,0.7897835497835498,20,18,2,37.58967328687275,0.0054694621695533276,0.03494693338871002,0.027975279837846756,0,0
48,data/raw/a1f50f101bc471e2d6967ebdb8ba81150588609e769f3b960f0801e4da5fdc6f/images/a1f50f101bc471e2d6967ebdb8ba81150588609e769f3b960f0801e4da5fdc6f.png,0.8022727272727274,7,7,0,15.26443044094783,0.0,0.013992312364280224,0.018711868673563004,0,0
40,data/raw/8d9b4205ddb10fa49a2973b4f3a2dc6923407ae015081e1a52c4b4c2fe8faa53/images/8d9b4205ddb10fa49a2973b4f3a2dc6923407ae015081e1a52c4b4c2fe8faa53.png,0.8070995670995671,33,31,2,12.047792665040703,0.0,0.03649531677365303,0.06061869114637375,0,0
65,data/raw/fc9269fb2e651cd4a32b65ae164f79b0a2ea823e0a83508c85d7985a6bed43cf/images/fc9269fb2e651cd4a32b65ae164f79b0a2ea823e0a83508c85d7985a6bed43cf.png,0.8206349206349206,5,5,0,13.446189622059965,0.0,0.014468862675130367,0.01914805732667446,0,0
1,data/raw/05040e2e959c3f5632558fc9683fec88f0010026c555b499066346f67fdd0e13/images/05040e2e959c3f5632558fc9683fec88f0010026c555b499066346f67fdd0e13.png,0.8257582417582418,24,24,0,14.837540967457748,0.0015068751177246186,0.06908539682626724,0.04936579242348671,0,0
18,data/raw/34c9f4eb2af8b8f46b1d88b74bde16f4614cd08948c2f1d817eb629afc512e7a/images/34c9f4eb2af8b8f46b1d88b74bde16f4614cd08948c2f1d817eb629afc512e7a.png,0.8301282051282051,13,12,1,14.450303987687134,0.002785515320334262,0.025211947038769722,0.03225632384419441,0,0
0,data/raw/003cee89357d9fe13516167fd67b609a164651b21934585648c740d2c3d86dc1/images/003cee89357d9fe13516167fd67b609a164651b21934585648c740d2c3d86dc1.png,0.8310870348104391,36,35,1,13.086257184954441,0.00253324889170361,0.03536706045269966,0.061200596392154694,0,0
45,data/raw/9a71a416f98971aa14f63ef91242654cc9191a1414ce8bbd38066fe94559aa4f/images/9a71a416f98971aa14f63ef91242654cc9191a1414ce8bbd38066fe94559aa4f.png,0.8606643356643356,10,10,0,12.487594113465816,0.0012953367875647669,0.01949744112789631,0.027781840413808823,0,0
